ladder_step,step_code,step_name,description,horizon,horizon_min,auroc,auprc,brier_score,stepwise_delta_auroc,stepwise_ci_low,stepwise_ci_high,stepwise_p_value,total_delta_from_snapshot,total_ci_low,total_ci_high,total_p_value
1,L1_Snapshot,Step 1: Snapshot Risk Alone (R_t),Baseline continuous risk score,>=30m (Primary Horizon),30,0.5433,0.284,0.1574,0.0,0.0,0.0,1.0,0.0,0.0,0.0,1.0
2,L2_Snapshot_State,Step 2: Snapshot + State (R_t + S_t),Adding physiological state categorization,>=30m (Primary Horizon),30,0.5459,0.2862,0.1573,0.0025,-0.0152,0.0197,0.74,0.0025,-0.0152,0.0197,0.74
3,L3_Snapshot_State_Direction,Step 3: Snapshot + State + Direction (R_t + S_t + D_t),"Adding velocity, acceleration, and reversals",>=30m (Primary Horizon),30,0.5448,0.288,0.1571,-0.0011,-0.0145,0.0108,0.895,0.0014,-0.0238,0.0248,0.878
4,L4_Snapshot_State_Direction_Persist,Step 4: Snapshot + State + Direction + Persistence,Adding state duration persistence,>=30m (Primary Horizon),30,0.5447,0.2873,0.1571,-0.0001,-0.0072,0.0089,0.926,0.0014,-0.0224,0.0242,0.87
5,L5_Snapshot_Trajectory_P5,Step 5: Snapshot + Full Trajectory (P5),P5: Snapshot + Trajectory dynamics,>=30m (Primary Horizon),30,0.5355,0.2733,0.1583,-0.0092,-0.035,0.016,0.478,-0.0078,-0.0412,0.0227,0.64
6,L6_Traj_plus_DomainSeverities,Step 6: Trajectory + 6 Domain Severities,Adding multidomain physiological severity scores,>=30m (Primary Horizon),30,0.6082,0.3087,0.1559,0.0727,0.0309,0.1188,0.0,0.0649,0.0174,0.1116,0.006
7,L7_Traj_Domains_Occupancy,Step 7: Trajectory + Domains + State Occupancies,Adding cumulative state occupancy history,>=30m (Primary Horizon),30,0.6064,0.3046,0.1564,-0.0018,-0.0092,0.0061,0.674,0.0631,0.0146,0.1105,0.012
8,L8_Full_Framework_P6,Step 8: Full Multidomain Framework (P6),Full 40-D physiological representation,>=30m (Primary Horizon),30,0.5857,0.2946,0.1592,-0.0207,-0.0679,0.0227,0.337,0.0424,-0.0113,0.0942,0.125
1,L1_Snapshot,Step 1: Snapshot Risk Alone (R_t),Baseline continuous risk score,Delivery (0m),0,0.5957,0.291,0.1625,0.0,0.0,0.0,1.0,0.0,0.0,0.0,1.0
2,L2_Snapshot_State,Step 2: Snapshot + State (R_t + S_t),Adding physiological state categorization,Delivery (0m),0,0.5945,0.2893,0.1628,-0.0012,-0.0052,0.0031,0.556,-0.0012,-0.0052,0.0031,0.556
3,L3_Snapshot_State_Direction,Step 3: Snapshot + State + Direction (R_t + S_t + D_t),"Adding velocity, acceleration, and reversals",Delivery (0m),0,0.6031,0.2958,0.1615,0.0085,-0.0008,0.0172,0.075,0.0074,-0.0024,0.0167,0.127
4,L4_Snapshot_State_Direction_Persist,Step 4: Snapshot + State + Direction + Persistence,Adding state duration persistence,Delivery (0m),0,0.6128,0.2964,0.1612,0.0097,-0.0054,0.0249,0.197,0.0171,-0.0012,0.035,0.065
5,L5_Snapshot_Trajectory_P5,Step 5: Snapshot + Full Trajectory (P5),P5: Snapshot + Trajectory dynamics,Delivery (0m),0,0.6142,0.2982,0.1608,0.0014,-0.0073,0.0103,0.767,0.0184,0.0024,0.0331,0.025
6,L6_Traj_plus_DomainSeverities,Step 6: Trajectory + 6 Domain Severities,Adding multidomain physiological severity scores,Delivery (0m),0,0.6817,0.357,0.1544,0.0675,0.0296,0.114,0.002,0.086,0.0452,0.1345,0.0
7,L7_Traj_Domains_Occupancy,Step 7: Trajectory + Domains + State Occupancies,Adding cumulative state occupancy history,Delivery (0m),0,0.6828,0.3579,0.1543,0.0011,-0.0081,0.0105,0.824,0.087,0.045,0.1375,0.0
8,L8_Full_Framework_P6,Step 8: Full Multidomain Framework (P6),Full 40-D physiological representation,Delivery (0m),0,0.6872,0.4067,0.1484,0.0044,-0.034,0.0398,0.82,0.0914,0.037,0.1488,0.001
1,L1_Snapshot,Step 1: Snapshot Risk Alone (R_t),Baseline continuous risk score,>=20m,20,0.5474,0.2822,0.1575,0.0,0.0,0.0,1.0,0.0,0.0,0.0,1.0
2,L2_Snapshot_State,Step 2: Snapshot + State (R_t + S_t),Adding physiological state categorization,>=20m,20,0.5505,0.2838,0.1574,0.0031,-0.013,0.0192,0.674,0.0031,-0.013,0.0192,0.674
3,L3_Snapshot_State_Direction,Step 3: Snapshot + State + Direction (R_t + S_t + D_t),"Adding velocity, acceleration, and reversals",>=20m,20,0.5524,0.2853,0.1572,0.002,-0.0024,0.0066,0.427,0.0051,-0.0116,0.0214,0.519
4,L4_Snapshot_State_Direction_Persist,Step 4: Snapshot + State + Direction + Persistence,Adding state duration persistence,>=20m,20,0.5518,0.2856,0.1571,-0.0006,-0.0026,0.0011,0.528,0.0045,-0.0119,0.0205,0.564
5,L5_Snapshot_Trajectory_P5,Step 5: Snapshot + Full Trajectory (P5),P5: Snapshot + Trajectory dynamics,>=20m,20,0.5489,0.2773,0.1582,-0.0029,-0.0264,0.0196,0.772,0.0016,-0.0222,0.0235,0.902
6,L6_Traj_plus_DomainSeverities,Step 6: Trajectory + 6 Domain Severities,Adding multidomain physiological severity scores,>=20m,20,0.6025,0.2973,0.1568,0.0536,0.013,0.0969,0.01,0.0551,0.0091,0.0989,0.016
7,L7_Traj_Domains_Occupancy,Step 7: Trajectory + Domains + State Occupancies,Adding cumulative state occupancy history,>=20m,20,0.6019,0.2921,0.1571,-0.0006,-0.0078,0.0072,0.912,0.0545,0.0078,0.0991,0.019
8,L8_Full_Framework_P6,Step 8: Full Multidomain Framework (P6),Full 40-D physiological representation,>=20m,20,0.5869,0.2868,0.1601,-0.015,-0.0598,0.0283,0.474,0.0395,-0.0099,0.0884,0.122
1,L1_Snapshot,Step 1: Snapshot Risk Alone (R_t),Baseline continuous risk score,>=10m,10,0.5346,0.2558,0.1598,0.0,0.0,0.0,1.0,0.0,0.0,0.0,1.0
2,L2_Snapshot_State,Step 2: Snapshot + State (R_t + S_t),Adding physiological state categorization,>=10m,10,0.536,0.2566,0.1597,0.0014,-0.0148,0.0178,0.844,0.0014,-0.0148,0.0178,0.844
3,L3_Snapshot_State_Direction,Step 3: Snapshot + State + Direction (R_t + S_t + D_t),"Adding velocity, acceleration, and reversals",>=10m,10,0.5349,0.2571,0.1594,-0.0011,-0.0045,0.0026,0.539,0.0003,-0.0159,0.0165,0.928
4,L4_Snapshot_State_Direction_Persist,Step 4: Snapshot + State + Direction + Persistence,Adding state duration persistence,>=10m,10,0.5352,0.2576,0.1594,0.0003,-0.0014,0.002,0.697,0.0006,-0.0153,0.0163,0.901
5,L5_Snapshot_Trajectory_P5,Step 5: Snapshot + Full Trajectory (P5),P5: Snapshot + Trajectory dynamics,>=10m,10,0.5327,0.2533,0.1601,-0.0025,-0.0237,0.0198,0.77,-0.0019,-0.0233,0.0184,0.84
6,L6_Traj_plus_DomainSeverities,Step 6: Trajectory + 6 Domain Severities,Adding multidomain physiological severity scores,>=10m,10,0.589,0.2804,0.1586,0.0563,0.0138,0.1024,0.006,0.0544,0.0099,0.0981,0.011
7,L7_Traj_Domains_Occupancy,Step 7: Trajectory + Domains + State Occupancies,Adding cumulative state occupancy history,>=10m,10,0.589,0.2763,0.1588,-0.0,-0.0073,0.0075,0.963,0.0544,0.0093,0.0995,0.015
8,L8_Full_Framework_P6,Step 8: Full Multidomain Framework (P6),Full 40-D physiological representation,>=10m,10,0.5814,0.2837,0.1611,-0.0076,-0.0506,0.0361,0.677,0.0468,0.0015,0.0928,0.048
