model_code,model_name,matching_criterion,target_metric,target_value,actual_far_per_hour,actual_sensitivity,actual_specificity,ppv,npv,threshold,median_warning_min,iqr_warning_min,pct_warned_ge20m
P1,P1 (Compact CTG Baseline),Matched FAR = 0.25/hr,FAR,0.25,0.245,0.1818,0.9314,0.4,0.8189,0.3881,11.25,18.12,30.0
P1,P1 (Compact CTG Baseline),Matched FAR = 0.50/hr,FAR,0.5,0.4934,0.2818,0.8719,0.3563,0.8283,0.3474,15.0,17.5,32.26
P1,P1 (Compact CTG Baseline),Matched FAR = 0.75/hr,FAR,0.75,0.7454,0.4,0.8238,0.3636,0.8451,0.3184,13.75,17.5,38.64
P1,P1 (Compact CTG Baseline),Matched FAR = 1.00/hr,FAR,1.0,0.9694,0.4455,0.7826,0.3403,0.8486,0.3039,15.0,20.0,40.82
P1,P1 (Compact CTG Baseline),Matched Sensitivity = 50%,Sensitivity,0.5,1.4138,0.5,0.7208,0.3107,0.8514,0.2864,15.0,21.25,41.82
P1,P1 (Compact CTG Baseline),Matched Sensitivity = 60%,Sensitivity,0.6,1.9038,0.6,0.6545,0.3041,0.8667,0.269,17.5,17.5,43.94
P1,P1 (Compact CTG Baseline),Matched Sensitivity = 70%,Sensitivity,0.7,3.4401,0.7,0.4943,0.2584,0.8675,0.2399,20.0,20.0,51.95
P1,P1 (Compact CTG Baseline),Matched Sensitivity = 80%,Sensitivity,0.8,5.5573,0.8,0.341,0.234,0.8713,0.2196,22.5,25.0,55.68
P2,P2 (Sequential/Event Baseline),Matched FAR = 0.25/hr,FAR,0.25,0.2485,0.2,0.9405,0.4583,0.8236,0.4482,11.25,14.38,27.27
P2,P2 (Sequential/Event Baseline),Matched FAR = 0.50/hr,FAR,0.5,0.5039,0.3455,0.8993,0.4634,0.8452,0.3917,12.5,16.88,26.32
P2,P2 (Sequential/Event Baseline),Matched FAR = 0.75/hr,FAR,0.75,0.7699,0.4636,0.8581,0.4513,0.8641,0.3594,12.5,18.75,27.45
P2,P2 (Sequential/Event Baseline),Matched FAR = 1.00/hr,FAR,1.0,1.0114,0.5182,0.8215,0.4222,0.8714,0.3392,10.0,15.0,26.32
P2,P2 (Sequential/Event Baseline),Matched Sensitivity = 50%,Sensitivity,0.5,0.9624,0.5,0.8284,0.4231,0.8681,0.3432,12.5,18.75,27.27
P2,P2 (Sequential/Event Baseline),Matched Sensitivity = 60%,Sensitivity,0.6,1.5503,0.5909,0.7346,0.3591,0.877,0.3109,10.0,20.0,33.85
P2,P2 (Sequential/Event Baseline),Matched Sensitivity = 70%,Sensitivity,0.7,2.4217,0.6909,0.627,0.318,0.8896,0.2786,15.0,22.5,38.16
P2,P2 (Sequential/Event Baseline),Matched Sensitivity = 80%,Sensitivity,0.8,3.7235,0.8091,0.508,0.2928,0.9136,0.2503,15.0,22.5,42.7
P3,P3 (Locked Snapshot Baseline),Matched FAR = 0.25/hr,FAR,0.25,0.2555,0.3545,0.8993,0.4699,0.847,0.4844,7.5,15.0,23.08
P3,P3 (Locked Snapshot Baseline),Matched FAR = 0.50/hr,FAR,0.5,0.4969,0.4727,0.8261,0.4062,0.8616,0.4069,8.75,15.62,25.0
P3,P3 (Locked Snapshot Baseline),Matched FAR = 0.75/hr,FAR,0.75,0.7454,0.5273,0.7757,0.3718,0.867,0.3656,7.5,16.88,25.86
P3,P3 (Locked Snapshot Baseline),Matched FAR = 1.00/hr,FAR,1.0,0.9939,0.5818,0.7231,0.3459,0.8729,0.3398,8.75,15.0,23.44
P3,P3 (Locked Snapshot Baseline),Matched Sensitivity = 50%,Sensitivity,0.5,0.5459,0.5,0.8124,0.4015,0.8659,0.3914,7.5,17.5,27.27
P3,P3 (Locked Snapshot Baseline),Matched Sensitivity = 60%,Sensitivity,0.6,1.2038,0.6091,0.6888,0.33,0.875,0.3191,10.0,15.0,28.36
P3,P3 (Locked Snapshot Baseline),Matched Sensitivity = 70%,Sensitivity,0.7,1.7848,0.7,0.5904,0.3008,0.8866,0.2778,12.5,17.5,31.17
P3,P3 (Locked Snapshot Baseline),Matched Sensitivity = 80%,Sensitivity,0.8,2.5477,0.8,0.4851,0.2812,0.906,0.2416,13.75,20.0,35.23
P4,P4 (Snapshot + State),Matched FAR = 0.25/hr,FAR,0.25,0.245,0.3545,0.9039,0.4815,0.8476,0.4745,7.5,16.25,25.64
P4,P4 (Snapshot + State),Matched FAR = 0.50/hr,FAR,0.5,0.5004,0.4636,0.8284,0.4048,0.8599,0.3974,10.0,16.25,27.45
P4,P4 (Snapshot + State),Matched FAR = 0.75/hr,FAR,0.75,0.7384,0.5273,0.7803,0.3766,0.8677,0.3588,7.5,16.88,25.86
P4,P4 (Snapshot + State),Matched FAR = 1.00/hr,FAR,1.0,1.0114,0.5727,0.7254,0.3443,0.8709,0.333,10.0,15.0,25.4
P4,P4 (Snapshot + State),Matched Sensitivity = 50%,Sensitivity,0.5,0.6614,0.4909,0.7918,0.3724,0.8607,0.3716,8.75,16.88,27.78
P4,P4 (Snapshot + State),Matched Sensitivity = 60%,Sensitivity,0.6,1.1794,0.5909,0.6888,0.3234,0.8699,0.3159,10.0,15.0,27.69
P4,P4 (Snapshot + State),Matched Sensitivity = 70%,Sensitivity,0.7,1.7358,0.6909,0.5927,0.2992,0.884,0.2816,12.5,17.5,31.58
P4,P4 (Snapshot + State),Matched Sensitivity = 80%,Sensitivity,0.8,2.5372,0.7909,0.4989,0.2843,0.9046,0.2516,15.0,21.25,35.63
P5,P5 (Snapshot + Trajectory),Matched FAR = 0.25/hr,FAR,0.25,0.2485,0.3636,0.8993,0.4762,0.8488,0.4868,10.0,18.75,30.0
P5,P5 (Snapshot + Trajectory),Matched FAR = 0.50/hr,FAR,0.5,0.4969,0.4545,0.8238,0.3937,0.8571,0.404,10.0,16.88,28.0
P5,P5 (Snapshot + Trajectory),Matched FAR = 0.75/hr,FAR,0.75,0.7314,0.5273,0.7803,0.3766,0.8677,0.3626,7.5,16.88,29.31
P5,P5 (Snapshot + Trajectory),Matched FAR = 1.00/hr,FAR,1.0,1.0114,0.5818,0.7117,0.3368,0.8711,0.335,10.0,17.5,31.25
P5,P5 (Snapshot + Trajectory),Matched Sensitivity = 50%,Sensitivity,0.5,0.6999,0.5,0.7826,0.3667,0.8615,0.3672,7.5,16.25,29.09
P5,P5 (Snapshot + Trajectory),Matched Sensitivity = 60%,Sensitivity,0.6,1.0464,0.6091,0.7025,0.3401,0.8771,0.3304,10.0,17.5,29.85
P5,P5 (Snapshot + Trajectory),Matched Sensitivity = 70%,Sensitivity,0.7,1.6938,0.7,0.595,0.3031,0.8874,0.2844,12.5,22.5,41.56
P5,P5 (Snapshot + Trajectory),Matched Sensitivity = 80%,Sensitivity,0.8,2.7647,0.8,0.4622,0.2724,0.9018,0.2476,17.5,25.0,45.45
P6,P6 (Full Proposed Framework),Matched FAR = 0.25/hr,FAR,0.25,0.2415,0.2636,0.9291,0.4833,0.8337,0.546,10.0,22.5,34.48
P6,P6 (Full Proposed Framework),Matched FAR = 0.50/hr,FAR,0.5,0.5109,0.4273,0.881,0.4747,0.8594,0.4645,10.0,26.25,34.04
P6,P6 (Full Proposed Framework),Matched FAR = 0.75/hr,FAR,0.75,0.7524,0.4636,0.8215,0.3953,0.8589,0.4265,10.0,25.0,33.33
P6,P6 (Full Proposed Framework),Matched FAR = 1.00/hr,FAR,1.0,1.0079,0.5545,0.7803,0.3885,0.8744,0.3939,12.5,22.5,39.34
P6,P6 (Full Proposed Framework),Matched Sensitivity = 50%,Sensitivity,0.5,0.9134,0.5182,0.7918,0.3851,0.8672,0.4047,12.5,22.5,40.35
P6,P6 (Full Proposed Framework),Matched Sensitivity = 60%,Sensitivity,0.6,1.2528,0.5909,0.7368,0.3611,0.8774,0.3721,12.5,25.0,36.92
P6,P6 (Full Proposed Framework),Matched Sensitivity = 70%,Sensitivity,0.7,1.8548,0.7,0.6545,0.3377,0.8966,0.3341,15.0,22.5,41.56
P6,P6 (Full Proposed Framework),Matched Sensitivity = 80%,Sensitivity,0.8,3.4016,0.7909,0.4989,0.2843,0.9046,0.2743,17.5,27.5,47.13
